,Loan_ID,Gender,Married,Dependents,Education,Self_Employed,ApplicantIncome,CoapplicantIncome,LoanAmount,Loan_Amount_Term,Credit_History,Property_Area,Loan_Status
0,LP001669,Female,No,0,Not Graduate,No,1907.0,2365.0,120.0,360.0,1.0,Urban,Y
1,LP001155,Female,Yes,0,Not Graduate,No,1928.0,1644.0,100.0,360.0,1.0,Semiurban,Y
2,LP002447,Male,Yes,2,Not Graduate,No,1958.0,1456.0,60.0,300.0,1.0,Urban,Y
3,LP002544,Male,Yes,1,Not Graduate,No,1958.0,2436.0,131.0,360.0,1.0,Rural,Y
4,LP002265,Male,Yes,2,Not Graduate,No,1993.0,1625.0,113.0,180.0,1.0,Semiurban,Y
5,LP001990,Male,No,0,Not Graduate,No,2000.0,0.0,128.0,360.0,1.0,Urban,N
6,LP001473,Male,No,0,Graduate,No,2014.0,1929.0,74.0,360.0,1.0,Urban,Y
7,LP001963,Male,Yes,1,Graduate,No,2014.0,2925.0,113.0,360.0,1.0,Urban,N
8,LP002670,Female,Yes,2,Graduate,No,2031.0,1632.0,113.0,480.0,1.0,Semiurban,Y
9,LP001608,Male,Yes,2,Graduate,No,2045.0,1619.0,101.0,360.0,1.0,Rural,Y
10,LP002036,Male,Yes,0,Graduate,No,2058.0,2134.0,88.0,360.0,1.0,Urban,Y
11,LP001868,Male,No,0,Graduate,No,2060.0,2209.0,134.0,360.0,1.0,Semiurban,Y
12,LP001384,Male,Yes,3+,Not Graduate,No,2071.0,754.0,94.0,480.0,1.0,Semiurban,Y
13,LP002478,Male,Yes,0,Graduate,Yes,2083.0,4083.0,160.0,360.0,1.0,Semiurban,Y
14,LP002537,Male,Yes,0,Graduate,No,2083.0,3150.0,128.0,360.0,1.0,Semiurban,Y
15,LP001195,Male,Yes,0,Graduate,No,2132.0,1591.0,96.0,360.0,1.0,Semiurban,Y
16,LP002743,Female,No,0,Graduate,No,2138.0,0.0,99.0,360.0,0.0,Semiurban,N
17,LP002335,Female,Yes,0,Not Graduate,No,2149.0,3237.0,178.0,360.0,0.0,Semiurban,N
18,LP002917,Female,No,0,Not Graduate,No,2165.0,0.0,70.0,360.0,1.0,Semiurban,Y
19,LP002308,Male,Yes,0,Not Graduate,No,2167.0,2400.0,115.0,360.0,1.0,Urban,Y
20,LP001641,Male,Yes,1,Graduate,Yes,2178.0,0.0,66.0,300.0,0.0,Rural,N
21,LP002314,Female,No,0,Not Graduate,No,2213.0,0.0,66.0,360.0,1.0,Rural,Y
22,LP002401,Male,Yes,0,Graduate,No,2213.0,1125.0,128.0,360.0,1.0,Urban,Y
23,LP001405,Male,Yes,1,Graduate,No,2214.0,1398.0,85.0,360.0,1.0,Urban,Y
24,LP001736,Male,Yes,0,Graduate,No,2221.0,0.0,60.0,360.0,0.0,Urban,N
25,LP001579,Male,No,0,Graduate,No,2237.0,0.0,63.0,480.0,0.0,Semiurban,N
26,LP002755,Male,Yes,1,Not Graduate,No,2239.0,2524.0,128.0,360.0,1.0,Urban,Y
27,LP002332,Male,Yes,0,Not Graduate,No,2253.0,2033.0,110.0,360.0,1.0,Rural,Y
28,LP001106,Male,Yes,0,Graduate,No,2275.0,2067.0,128.0,360.0,1.0,Urban,Y
29,LP001532,Male,Yes,2,Not Graduate,No,2281.0,0.0,113.0,360.0,1.0,Rural,N
30,LP002916,Male,Yes,0,Graduate,No,2297.0,1522.0,104.0,360.0,1.0,Urban,Y
31,LP001915,Male,Yes,2,Graduate,No,2301.0,985.7999878,78.0,180.0,1.0,Urban,Y
32,LP002446,Male,Yes,2,Not Graduate,No,2309.0,1255.0,125.0,360.0,0.0,Rural,N
33,LP001514,Female,Yes,0,Graduate,No,2330.0,4486.0,100.0,360.0,1.0,Semiurban,Y
34,LP001013,Male,Yes,0,Not Graduate,No,2333.0,1516.0,95.0,360.0,1.0,Urban,Y
35,LP001630,Male,No,0,Not Graduate,No,2333.0,1451.0,102.0,480.0,0.0,Urban,N
36,LP002244,Male,Yes,0,Graduate,No,2333.0,2417.0,136.0,360.0,1.0,Urban,Y
37,LP002239,Male,No,0,Not Graduate,No,2346.0,1600.0,132.0,360.0,1.0,Semiurban,Y
38,LP001279,Male,No,0,Graduate,No,2366.0,2531.0,136.0,360.0,1.0,Semiurban,Y
39,LP001643,Male,Yes,0,Graduate,No,2383.0,2138.0,58.0,360.0,1.0,Rural,Y
40,LP001947,Male,Yes,0,Graduate,No,2383.0,3334.0,172.0,360.0,1.0,Semiurban,Y
41,LP001266,Male,Yes,1,Graduate,Yes,2395.0,0.0,128.0,360.0,1.0,Semiurban,Y
42,LP001123,Male,Yes,0,Graduate,No,2400.0,0.0,75.0,360.0,1.0,Urban,Y
43,LP001994,Female,No,0,Graduate,No,2400.0,1863.0,104.0,360.0,0.0,Urban,N
44,LP002051,Male,Yes,0,Graduate,No,2400.0,2167.0,115.0,360.0,1.0,Semiurban,Y
45,LP002960,Male,Yes,0,Not Graduate,No,2400.0,3800.0,128.0,180.0,1.0,Urban,N
46,LP002143,Female,Yes,0,Graduate,No,2423.0,505.0,130.0,360.0,1.0,Semiurban,Y
47,LP002387,Male,Yes,0,Graduate,No,2425.0,2340.0,143.0,360.0,1.0,Semiurban,Y
48,LP002556,Male,No,0,Graduate,No,2435.0,0.0,75.0,360.0,1.0,Urban,N
49,LP001578,Male,Yes,0,Graduate,No,2439.0,3333.0,129.0,360.0,1.0,Rural,Y
50,LP002788,Male,Yes,0,Not Graduate,No,2454.0,2333.0,181.0,360.0,0.0,Urban,N
51,LP002024,Male,Yes,0,Graduate,No,2473.0,1843.0,159.0,360.0,1.0,Rural,N
52,LP001699,Male,No,0,Graduate,No,2479.0,0.0,59.0,360.0,1.0,Urban,Y
53,LP002626,Male,Yes,0,Graduate,Yes,2479.0,3013.0,188.0,360.0,1.0,Urban,Y
54,LP002449,Male,Yes,0,Graduate,No,2483.0,2466.0,90.0,180.0,0.0,Rural,Y
55,LP001327,Female,Yes,0,Graduate,No,2484.0,2302.0,137.0,360.0,1.0,Semiurban,Y
56,LP001765,Male,Yes,1,Graduate,No,2491.0,2054.0,104.0,360.0,1.0,Semiurban,Y
57,LP002784,Male,Yes,1,Not Graduate,No,2492.0,2375.0,128.0,360.0,1.0,Rural,Y
58,LP002129,Male,Yes,0,Graduate,No,2499.0,2458.0,160.0,360.0,1.0,Semiurban,Y
59,LP001027,Male,Yes,2,Graduate,No,2500.0,1840.0,109.0,360.0,1.0,Urban,Y
60,LP001205,Male,Yes,0,Graduate,No,2500.0,3796.0,120.0,360.0,1.0,Urban,Y
61,LP001282,Male,Yes,0,Graduate,No,2500.0,2118.0,104.0,360.0,1.0,Semiurban,Y
62,LP002087,Female,No,0,Graduate,No,2500.0,0.0,67.0,360.0,1.0,Urban,Y
63,LP002112,Male,Yes,2,Graduate,Yes,2500.0,4600.0,176.0,360.0,1.0,Rural,Y
64,LP002187,Male,No,0,Graduate,No,2500.0,0.0,96.0,480.0,1.0,Semiurban,N
65,LP002522,Female,No,0,Graduate,Yes,2500.0,0.0,93.0,360.0,1.0,Urban,Y
66,LP001800,Male,Yes,1,Not Graduate,No,2510.0,1983.0,140.0,180.0,1.0,Urban,N
67,LP002772,Male,No,0,Graduate,No,2526.0,1783.0,145.0,360.0,1.0,Rural,Y
68,LP002732,Male,No,0,Not Graduate,No,2550.0,2042.0,126.0,360.0,1.0,Rural,Y
69,LP001529,Male,Yes,0,Graduate,Yes,2577.0,3750.0,152.0,360.0,1.0,Rural,Y
70,LP001006,Male,Yes,0,Not Graduate,No,2583.0,2358.0,120.0,360.0,1.0,Urban,Y
71,LP001841,Male,No,0,Not Graduate,Yes,2583.0,2167.0,104.0,360.0,1.0,Rural,Y
72,LP002128,Male,Yes,2,Graduate,No,2583.0,2330.0,125.0,360.0,1.0,Rural,Y
73,LP002263,Male,Yes,0,Graduate,No,2583.0,2115.0,120.0,360.0,1.0,Urban,Y
74,LP001041,Male,Yes,0,Graduate,No,2600.0,3500.0,115.0,360.0,1.0,Urban,Y
75,LP001047,Male,Yes,0,Not Graduate,No,2600.0,1911.0,116.0,360.0,0.0,Semiurban,N
76,LP001674,Male,Yes,1,Not Graduate,No,2600.0,2500.0,90.0,360.0,1.0,Semiurban,Y
77,LP001925,Female,No,0,Graduate,Yes,2600.0,1717.0,99.0,300.0,1.0,Semiurban,N
78,LP002341,Female,No,1,Graduate,No,2600.0,0.0,160.0,360.0,1.0,Urban,N
79,LP002587,Male,Yes,0,Not Graduate,No,2600.0,1700.0,107.0,360.0,1.0,Rural,Y
80,LP001207,Male,Yes,0,Not Graduate,Yes,2609.0,3449.0,165.0,180.0,0.0,Rural,N
81,LP001894,Male,Yes,0,Graduate,No,2620.0,2223.0,150.0,360.0,1.0,Semiurban,Y
82,LP001146,Female,Yes,0,Graduate,No,2645.0,3440.0,120.0,360.0,0.0,Urban,N
83,LP002115,Male,Yes,3+,Not Graduate,No,2647.0,1587.0,173.0,360.0,1.0,Rural,N
84,LP002517,Male,Yes,1,Not Graduate,No,2653.0,1500.0,113.0,180.0,0.0,Rural,N
85,LP002141,Male,Yes,3+,Graduate,No,2666.0,2083.0,95.0,360.0,1.0,Rural,Y
86,LP002366,Male,Yes,0,Graduate,No,2666.0,4300.0,121.0,360.0,1.0,Rural,Y
87,LP002794,Female,No,0,Graduate,No,2667.0,1625.0,84.0,360.0,1.0,Urban,Y
88,LP002714,Male,No,1,Not Graduate,No,2679.0,1302.0,94.0,360.0,1.0,Semiurban,Y
89,LP001507,Male,Yes,0,Graduate,No,2698.0,2034.0,122.0,360.0,1.0,Semiurban,Y
90,LP002560,Male,No,0,Not Graduate,No,2699.0,2785.0,96.0,360.0,1.0,Semiurban,Y
91,LP001194,Male,Yes,2,Graduate,No,2708.0,1167.0,97.0,360.0,1.0,Semiurban,Y
92,LP002370,Male,No,0,Not Graduate,No,2717.0,0.0,60.0,180.0,1.0,Urban,Y
93,LP001478,Male,No,0,Graduate,No,2718.0,0.0,70.0,360.0,1.0,Semiurban,Y
94,LP002357,Female,No,0,Not Graduate,No,2720.0,0.0,80.0,360.0,0.0,Urban,N
95,LP002926,Male,Yes,2,Graduate,Yes,2726.0,0.0,106.0,360.0,0.0,Semiurban,N
96,LP001900,Male,Yes,1,Graduate,No,2750.0,1842.0,115.0,360.0,1.0,Semiurban,Y
97,LP002296,Male,No,0,Not Graduate,No,2755.0,0.0,65.0,300.0,1.0,Rural,N
98,LP002209,Female,No,0,Graduate,No,2764.0,1459.0,110.0,360.0,1.0,Urban,Y
99,LP002767,Male,Yes,0,Graduate,No,2768.0,1950.0,155.0,360.0,1.0,Rural,Y
100,LP002444,Male,No,1,Not Graduate,Yes,2769.0,1542.0,190.0,360.0,1.0,Semiurban,N
101,LP002777,Male,Yes,0,Graduate,No,2785.0,2016.0,110.0,360.0,1.0,Rural,Y
102,LP002911,Male,Yes,1,Graduate,No,2787.0,1917.0,146.0,360.0,0.0,Rural,N
103,LP001068,Male,Yes,0,Graduate,No,2799.0,2253.0,122.0,360.0,1.0,Semiurban,Y
104,LP001892,Male,No,0,Graduate,No,2833.0,1857.0,126.0,360.0,1.0,Rural,Y
105,LP002100,Male,No,0,Graduate,No,2833.0,0.0,71.0,360.0,1.0,Urban,Y
106,LP002530,Male,Yes,2,Graduate,No,2873.0,1872.0,132.0,360.0,0.0,Semiurban,N
107,LP001972,Male,Yes,0,Not Graduate,No,2875.0,1750.0,105.0,360.0,1.0,Semiurban,Y
108,LP001884,Female,No,1,Graduate,No,2876.0,1560.0,90.0,360.0,1.0,Urban,Y
109,LP001824,Male,Yes,1,Graduate,No,2882.0,1843.0,123.0,480.0,1.0,Semiurban,Y
110,LP002950,Male,Yes,0,Not Graduate,No,2894.0,2792.0,155.0,360.0,1.0,Rural,Y
111,LP002600,Male,Yes,1,Graduate,Yes,2895.0,0.0,95.0,360.0,1.0,Semiurban,Y
112,LP002978,Female,No,0,Graduate,No,2900.0,0.0,71.0,360.0,1.0,Rural,Y
113,LP002002,Female,No,0,Graduate,No,2917.0,0.0,84.0,360.0,1.0,Semiurban,Y
114,LP002739,Male,Yes,0,Not Graduate,No,2917.0,536.0,66.0,360.0,1.0,Rural,N
115,LP002369,Male,Yes,0,Graduate,No,2920.0,16.12000084,87.0,360.0,1.0,Rural,Y
116,LP002004,Male,No,0,Not Graduate,No,2927.0,2405.0,111.0,360.0,1.0,Semiurban,Y
117,LP001387,Female,Yes,0,Graduate,No,2929.0,2333.0,139.0,360.0,1.0,Semiurban,Y
118,LP002098,Male,No,0,Graduate,No,2935.0,0.0,98.0,360.0,1.0,Semiurban,Y
119,LP002500,Male,Yes,3+,Not Graduate,No,2947.0,1664.0,70.0,180.0,0.0,Urban,N
120,LP002533,Male,Yes,2,Graduate,No,2947.0,1603.0,128.0,360.0,1.0,Urban,N
121,LP001432,Male,Yes,2,Graduate,No,2957.0,0.0,81.0,360.0,1.0,Semiurban,Y
122,LP001316,Male,Yes,0,Graduate,No,2958.0,2900.0,131.0,360.0,1.0,Semiurban,Y
123,LP001744,Male,No,0,Graduate,No,2971.0,2791.0,144.0,360.0,1.0,Semiurban,Y
124,LP001546,Male,No,0,Graduate,No,2980.0,2083.0,120.0,360.0,1.0,Rural,Y
125,LP002943,Male,No,0,Graduate,No,2987.0,0.0,88.0,360.0,0.0,Semiurban,N
126,LP002337,Female,No,0,Graduate,No,2995.0,0.0,60.0,360.0,1.0,Urban,Y
127,LP001005,Male,Yes,0,Graduate,Yes,3000.0,0.0,66.0,360.0,1.0,Urban,Y
128,LP002158,Male,Yes,0,Not Graduate,No,3000.0,1666.0,100.0,480.0,0.0,Urban,N
129,LP002243,Male,Yes,0,Not Graduate,No,3010.0,3136.0,128.0,360.0,0.0,Urban,N
130,LP002178,Male,Yes,0,Graduate,No,3013.0,3033.0,95.0,300.0,1.0,Urban,Y
131,LP002487,Male,Yes,0,Graduate,No,3015.0,2188.0,153.0,360.0,1.0,Rural,Y
132,LP002757,Female,Yes,0,Not Graduate,No,3017.0,663.0,102.0,360.0,1.0,Semiurban,Y
133,LP001206,Male,Yes,3+,Graduate,No,3029.0,0.0,99.0,360.0,1.0,Urban,Y
134,LP002281,Male,Yes,0,Graduate,No,3033.0,1459.0,95.0,360.0,1.0,Urban,Y
135,LP001014,Male,Yes,3+,Graduate,No,3036.0,2504.0,158.0,360.0,0.0,Semiurban,N
136,LP001367,Male,Yes,1,Graduate,No,3052.0,1030.0,100.0,360.0,1.0,Urban,Y
137,LP002205,Male,No,1,Graduate,No,3062.0,1987.0,111.0,180.0,0.0,Urban,N
138,LP002224,Male,No,0,Graduate,No,3069.0,0.0,71.0,480.0,1.0,Urban,N
139,LP002682,Male,Yes,0,Not Graduate,No,3074.0,1800.0,123.0,360.0,0.0,Semiurban,N
140,LP001936,Male,Yes,0,Graduate,No,3075.0,2416.0,139.0,360.0,1.0,Rural,Y
141,LP001846,Female,No,3+,Graduate,No,3083.0,0.0,255.0,360.0,1.0,Rural,Y
142,LP002131,Male,Yes,2,Not Graduate,No,3083.0,2168.0,126.0,360.0,1.0,Urban,Y
143,LP001157,Female,No,0,Graduate,No,3086.0,0.0,120.0,360.0,1.0,Semiurban,Y
144,LP002872,Male,Yes,0,Graduate,No,3087.0,2210.0,136.0,360.0,0.0,Semiurban,N
145,LP001565,Male,Yes,1,Graduate,No,3089.0,1280.0,121.0,360.0,0.0,Semiurban,N
146,LP002536,Male,Yes,3+,Not Graduate,No,3095.0,0.0,113.0,360.0,1.0,Rural,Y
147,LP002266,Male,Yes,2,Graduate,No,3100.0,1400.0,113.0,360.0,1.0,Urban,Y
148,LP001904,Male,Yes,0,Graduate,No,3103.0,1300.0,80.0,360.0,1.0,Urban,Y
149,LP001665,Male,Yes,1,Graduate,No,3125.0,2583.0,170.0,360.0,1.0,Semiurban,N
150,LP001940,Male,Yes,2,Graduate,No,3153.0,1560.0,134.0,360.0,1.0,Urban,Y
151,LP001778,Male,Yes,1,Graduate,No,3155.0,1779.0,140.0,360.0,1.0,Semiurban,Y
152,LP001924,Male,No,0,Graduate,No,3158.0,3053.0,89.0,360.0,1.0,Rural,Y
153,LP002606,Female,No,0,Graduate,No,3159.0,0.0,100.0,360.0,1.0,Semiurban,Y
154,LP002868,Male,Yes,2,Graduate,No,3159.0,461.0,108.0,84.0,1.0,Urban,Y
155,LP002055,Female,No,0,Graduate,No,3166.0,2985.0,132.0,360.0,1.0,Rural,Y
156,LP002841,Male,Yes,0,Graduate,No,3166.0,2064.0,104.0,360.0,0.0,Urban,N
157,LP001095,Male,No,0,Graduate,No,3167.0,0.0,74.0,360.0,1.0,Urban,N
158,LP001263,Male,Yes,3+,Graduate,No,3167.0,4000.0,180.0,300.0,0.0,Semiurban,N
159,LP001404,Female,Yes,0,Graduate,No,3167.0,2283.0,154.0,360.0,1.0,Semiurban,Y
160,LP001716,Male,Yes,0,Graduate,No,3173.0,3021.0,137.0,360.0,1.0,Urban,Y
161,LP002126,Male,Yes,3+,Not Graduate,No,3173.0,0.0,74.0,360.0,1.0,Semiurban,Y
162,LP002277,Female,No,0,Graduate,No,3180.0,0.0,71.0,360.0,0.0,Urban,N
163,LP002888,Male,No,0,Graduate,No,3182.0,2917.0,161.0,360.0,1.0,Urban,Y
164,LP001770,Male,No,0,Not Graduate,No,3189.0,2598.0,120.0,360.0,1.0,Rural,Y
165,LP001024,Male,Yes,2,Graduate,No,3200.0,700.0,70.0,360.0,1.0,Urban,Y
166,LP001228,Male,No,0,Not Graduate,No,3200.0,2254.0,126.0,180.0,0.0,Urban,N
167,LP001243,Male,Yes,0,Graduate,No,3208.0,3066.0,172.0,360.0,1.0,Urban,Y
168,LP002874,Male,No,0,Graduate,No,3229.0,2739.0,110.0,360.0,1.0,Urban,Y
169,LP002974,Male,Yes,0,Graduate,No,3232.0,1950.0,108.0,360.0,1.0,Rural,Y
170,LP001693,Female,No,0,Graduate,No,3244.0,0.0,80.0,360.0,1.0,Urban,Y
171,LP002347,Male,Yes,0,Graduate,No,3246.0,1417.0,138.0,360.0,1.0,Semiurban,Y
172,LP001751,Male,Yes,0,Graduate,No,3250.0,0.0,170.0,360.0,1.0,Rural,N
173,LP001319,Male,Yes,2,Not Graduate,No,3273.0,1820.0,81.0,360.0,1.0,Urban,Y
174,LP002272,Male,Yes,2,Graduate,No,3276.0,484.0,135.0,360.0,1.0,Semiurban,Y
175,LP002643,Male,Yes,2,Graduate,No,3283.0,2035.0,148.0,360.0,1.0,Urban,Y
176,LP001792,Male,Yes,1,Graduate,No,3315.0,0.0,96.0,360.0,1.0,Semiurban,Y
177,LP001491,Male,Yes,2,Graduate,Yes,3316.0,3500.0,88.0,360.0,1.0,Urban,Y
178,LP002586,Female,Yes,1,Graduate,No,3326.0,913.0,105.0,84.0,1.0,Semiurban,Y
179,LP001264,Male,Yes,3+,Not Graduate,Yes,3333.0,2166.0,130.0,360.0,1.0,Semiurban,Y
180,LP001280,Male,Yes,2,Not Graduate,No,3333.0,2000.0,99.0,360.0,1.0,Semiurban,Y
181,LP002226,Male,Yes,0,Graduate,No,3333.0,2500.0,128.0,360.0,1.0,Semiurban,Y
182,LP002785,Male,Yes,1,Graduate,No,3333.0,3250.0,158.0,360.0,1.0,Urban,Y
183,LP002836,Male,No,0,Graduate,No,3333.0,0.0,70.0,360.0,1.0,Urban,Y
184,LP002443,Male,Yes,2,Graduate,No,3340.0,1710.0,150.0,360.0,0.0,Rural,N
185,LP001199,Male,Yes,2,Not Graduate,No,3357.0,2859.0,144.0,360.0,1.0,Urban,Y
186,LP002768,Male,No,0,Not Graduate,No,3358.0,0.0,80.0,36.0,1.0,Semiurban,N
187,LP001050,Male,Yes,2,Not Graduate,No,3365.0,1917.0,112.0,360.0,0.0,Rural,N
188,LP001197,Male,Yes,0,Graduate,No,3366.0,2200.0,135.0,360.0,1.0,Rural,N
189,LP002031,Male,Yes,1,Not Graduate,No,3399.0,1640.0,111.0,180.0,1.0,Urban,Y
190,LP002684,Female,No,0,Not Graduate,No,3400.0,0.0,95.0,360.0,1.0,Rural,N
191,LP002837,Male,Yes,3+,Graduate,No,3400.0,2500.0,123.0,360.0,0.0,Rural,N
192,LP002961,Male,Yes,1,Graduate,No,3400.0,2500.0,173.0,360.0,1.0,Semiurban,Y
193,LP001811,Male,Yes,0,Not Graduate,No,3406.0,4417.0,123.0,360.0,1.0,Semiurban,Y
194,LP001137,Female,No,0,Graduate,No,3410.0,0.0,88.0,360.0,1.0,Urban,Y
195,LP001671,Female,Yes,0,Graduate,No,3416.0,2816.0,113.0,360.0,1.0,Semiurban,Y
196,LP002842,Male,Yes,1,Graduate,No,3417.0,1750.0,186.0,360.0,1.0,Urban,Y
197,LP001702,Male,No,0,Graduate,No,3418.0,0.0,127.0,360.0,1.0,Semiurban,N
198,LP001883,Female,No,0,Graduate,No,3418.0,0.0,135.0,360.0,1.0,Rural,N
199,LP001836,Female,No,2,Graduate,No,3427.0,0.0,138.0,360.0,1.0,Urban,N
200,LP001711,Male,Yes,3+,Graduate,No,3430.0,1250.0,128.0,360.0,0.0,Semiurban,N
201,LP002515,Male,Yes,1,Graduate,Yes,3450.0,2079.0,162.0,360.0,1.0,Semiurban,Y
202,LP001788,Female,No,0,Graduate,Yes,3463.0,0.0,122.0,360.0,1.0,Urban,Y
203,LP002429,Male,Yes,1,Graduate,Yes,3466.0,1210.0,130.0,360.0,1.0,Rural,Y
204,LP002659,Male,Yes,3+,Graduate,No,3466.0,3428.0,150.0,360.0,1.0,Rural,Y
205,LP001870,Female,No,1,Graduate,No,3481.0,0.0,155.0,36.0,1.0,Semiurban,N
206,LP001606,Male,Yes,0,Graduate,No,3497.0,1964.0,116.0,360.0,1.0,Rural,Y
207,LP001098,Male,Yes,0,Graduate,No,3500.0,1667.0,114.0,360.0,1.0,Semiurban,Y
208,LP001248,Male,No,0,Graduate,No,3500.0,0.0,81.0,300.0,1.0,Semiurban,Y
209,LP001688,Male,Yes,1,Not Graduate,No,3500.0,1083.0,135.0,360.0,1.0,Urban,Y
210,LP001036,Female,No,0,Graduate,No,3510.0,0.0,76.0,360.0,0.0,Urban,N
211,LP002622,Male,Yes,2,Graduate,No,3510.0,4416.0,243.0,360.0,1.0,Rural,Y
212,LP001586,Male,Yes,3+,Not Graduate,No,3522.0,0.0,81.0,180.0,1.0,Rural,N
213,LP002130,Male,Yes,0,Not Graduate,No,3523.0,3230.0,152.0,360.0,0.0,Rural,N
214,LP002043,Female,No,1,Graduate,No,3541.0,0.0,112.0,360.0,1.0,Semiurban,Y
215,LP002545,Male,No,2,Graduate,No,3547.0,0.0,80.0,360.0,0.0,Rural,N
216,LP001391,Male,Yes,0,Not Graduate,No,3572.0,4114.0,152.0,360.0,0.0,Rural,N
217,LP002625,Male,No,0,Graduate,No,3583.0,0.0,96.0,360.0,1.0,Urban,N
218,LP002723,Male,No,2,Graduate,No,3588.0,0.0,110.0,360.0,0.0,Rural,N
219,LP002789,Male,Yes,0,Graduate,No,3593.0,4266.0,132.0,180.0,0.0,Rural,N
220,LP001034,Male,No,1,Not Graduate,No,3596.0,0.0,100.0,240.0,1.0,Urban,Y
221,LP002585,Male,Yes,0,Graduate,No,3597.0,2157.0,119.0,360.0,0.0,Rural,N
222,LP002637,Male,No,0,Not Graduate,No,3598.0,1287.0,100.0,360.0,1.0,Rural,N
223,LP001119,Male,No,0,Graduate,No,3600.0,0.0,80.0,360.0,1.0,Urban,N
224,LP002054,Male,Yes,2,Not Graduate,No,3601.0,1590.0,128.0,360.0,1.0,Rural,Y
225,LP002738,Male,No,2,Graduate,No,3617.0,0.0,107.0,360.0,1.0,Semiurban,Y
226,LP001639,Female,Yes,0,Graduate,No,3625.0,0.0,108.0,360.0,1.0,Semiurban,Y
227,LP002753,Female,No,1,Graduate,No,3652.0,0.0,95.0,360.0,1.0,Semiurban,Y
228,LP001112,Female,Yes,0,Graduate,No,3667.0,1459.0,144.0,360.0,1.0,Semiurban,Y
229,LP002237,Male,No,1,Graduate,No,3667.0,0.0,113.0,180.0,1.0,Urban,Y
230,LP002807,Male,Yes,2,Not Graduate,No,3675.0,242.0,108.0,360.0,1.0,Semiurban,Y
231,LP002958,Male,No,0,Graduate,No,3676.0,4301.0,172.0,360.0,1.0,Rural,Y
232,LP002571,Male,No,0,Not Graduate,No,3691.0,0.0,110.0,360.0,1.0,Rural,Y
233,LP001443,Female,No,0,Graduate,No,3692.0,0.0,93.0,360.0,1.0,Rural,Y
234,LP001926,Male,Yes,0,Graduate,No,3704.0,2000.0,120.0,360.0,1.0,Rural,Y
235,LP001574,Male,Yes,0,Graduate,No,3707.0,3166.0,182.0,360.0,1.0,Rural,Y
236,LP002467,Male,Yes,0,Graduate,No,3708.0,2569.0,173.0,360.0,1.0,Urban,N
237,LP001052,Male,Yes,1,Graduate,No,3717.0,2925.0,151.0,360.0,1.0,Semiurban,N
238,LP002035,Male,Yes,2,Graduate,No,3717.0,0.0,120.0,360.0,1.0,Semiurban,Y
239,LP001726,Male,Yes,0,Graduate,No,3727.0,1775.0,131.0,360.0,1.0,Semiurban,Y
240,LP001116,Male,No,0,Not Graduate,No,3748.0,1668.0,110.0,360.0,1.0,Semiurban,Y
241,LP001087,Female,No,2,Graduate,No,3750.0,2083.0,120.0,360.0,1.0,Semiurban,Y
242,LP001255,Male,No,0,Graduate,No,3750.0,0.0,113.0,480.0,1.0,Urban,N
243,LP001256,Male,No,0,Graduate,No,3750.0,4750.0,176.0,360.0,1.0,Urban,N
244,LP001616,Male,Yes,1,Graduate,No,3750.0,0.0,116.0,360.0,1.0,Semiurban,Y
245,LP002390,Male,No,0,Graduate,No,3750.0,0.0,100.0,360.0,1.0,Urban,Y
246,LP001993,Female,No,0,Graduate,No,3762.0,1666.0,135.0,360.0,1.0,Rural,Y
247,LP002705,Male,Yes,0,Graduate,No,3775.0,0.0,110.0,360.0,1.0,Semiurban,Y
248,LP001379,Male,Yes,2,Graduate,No,3800.0,3600.0,216.0,360.0,0.0,Urban,N
249,LP001790,Female,No,1,Graduate,No,3812.0,0.0,112.0,360.0,1.0,Rural,Y
250,LP002144,Female,No,0,Graduate,No,3813.0,0.0,116.0,180.0,1.0,Urban,Y
251,LP002619,Male,Yes,0,Not Graduate,No,3814.0,1483.0,124.0,300.0,1.0,Semiurban,Y
252,LP001357,Male,Yes,0,Graduate,No,3816.0,754.0,160.0,360.0,1.0,Urban,Y
253,LP002940,Male,No,0,Not Graduate,No,3833.0,0.0,110.0,360.0,1.0,Rural,Y
254,LP001265,Female,No,0,Graduate,No,3846.0,0.0,111.0,360.0,1.0,Semiurban,Y
255,LP001720,Male,Yes,3+,Not Graduate,No,3850.0,983.0,100.0,360.0,1.0,Semiurban,Y
256,LP001658,Male,No,0,Graduate,No,3858.0,0.0,76.0,360.0,1.0,Semiurban,Y
257,LP002455,Male,Yes,2,Graduate,No,3859.0,0.0,96.0,360.0,1.0,Semiurban,Y
258,LP002936,Male,Yes,0,Graduate,No,3859.0,3300.0,142.0,180.0,1.0,Rural,Y
259,LP001449,Male,No,0,Graduate,No,3865.0,1640.0,128.0,360.0,1.0,Rural,Y
260,LP002318,Female,No,1,Not Graduate,Yes,3867.0,0.0,62.0,360.0,1.0,Semiurban,N
261,LP002151,Male,Yes,1,Graduate,No,3875.0,0.0,67.0,360.0,1.0,Urban,N
262,LP002798,Male,Yes,0,Graduate,No,3887.0,2669.0,162.0,360.0,1.0,Semiurban,Y
263,LP001896,Male,Yes,2,Graduate,No,3900.0,0.0,90.0,360.0,1.0,Semiurban,Y
264,LP002284,Male,No,0,Not Graduate,No,3902.0,1666.0,109.0,360.0,1.0,Rural,Y
265,LP001691,Male,Yes,2,Not Graduate,No,3917.0,0.0,124.0,360.0,1.0,Semiurban,Y
266,LP001914,Male,Yes,0,Graduate,No,3927.0,800.0,112.0,360.0,1.0,Semiurban,Y
267,LP001131,Male,Yes,0,Graduate,No,3941.0,2336.0,134.0,360.0,1.0,Semiurban,Y
268,LP002448,Male,Yes,0,Graduate,No,3948.0,1733.0,149.0,360.0,0.0,Rural,N
269,LP002964,Male,Yes,2,Not Graduate,No,3987.0,1411.0,157.0,360.0,1.0,Rural,Y
270,LP001682,Male,Yes,3+,Not Graduate,No,3992.0,0.0,128.0,180.0,1.0,Urban,N
271,LP001903,Male,Yes,0,Graduate,No,3993.0,3274.0,207.0,360.0,1.0,Semiurban,Y
272,LP001151,Female,No,0,Graduate,No,4000.0,2275.0,144.0,360.0,1.0,Semiurban,Y
273,LP001978,Male,No,0,Graduate,No,4000.0,2500.0,140.0,360.0,1.0,Rural,Y
274,LP001018,Male,Yes,2,Graduate,No,4006.0,1526.0,168.0,360.0,1.0,Urban,Y
275,LP001743,Male,Yes,2,Graduate,No,4009.0,1717.0,116.0,360.0,1.0,Semiurban,Y
276,LP001910,Male,No,1,Not Graduate,Yes,4053.0,2426.0,158.0,360.0,0.0,Urban,N
277,LP001875,Male,No,0,Graduate,No,4095.0,3447.0,151.0,360.0,1.0,Rural,Y
278,LP001908,Female,Yes,0,Not Graduate,No,4100.0,0.0,124.0,360.0,1.0,Rural,Y
279,LP001931,Female,No,0,Graduate,No,4124.0,0.0,115.0,360.0,1.0,Semiurban,Y
280,LP001322,Male,No,0,Graduate,No,4133.0,0.0,122.0,360.0,1.0,Semiurban,Y
281,LP002114,Female,No,0,Graduate,No,4160.0,0.0,71.0,360.0,1.0,Semiurban,Y
282,LP001091,Male,Yes,1,Graduate,No,4166.0,3369.0,201.0,360.0,1.0,Urban,N
283,LP001222,Female,No,0,Graduate,No,4166.0,0.0,116.0,360.0,0.0,Semiurban,N
284,LP002493,Male,No,0,Graduate,No,4166.0,0.0,98.0,360.0,0.0,Semiurban,N
285,LP001570,Male,Yes,2,Graduate,No,4167.0,1447.0,158.0,360.0,1.0,Rural,Y
286,LP002804,Female,Yes,0,Graduate,No,4180.0,2306.0,182.0,360.0,1.0,Semiurban,Y
287,LP001334,Male,Yes,0,Not Graduate,No,4188.0,0.0,115.0,180.0,1.0,Semiurban,Y
288,LP001664,Male,No,0,Graduate,No,4191.0,0.0,120.0,360.0,1.0,Rural,Y
289,LP001493,Male,Yes,2,Not Graduate,No,4200.0,1430.0,129.0,360.0,1.0,Rural,N
290,LP001073,Male,Yes,2,Not Graduate,No,4226.0,1040.0,110.0,360.0,1.0,Urban,Y
291,LP001164,Female,No,0,Graduate,No,4230.0,0.0,112.0,360.0,1.0,Semiurban,N
292,LP002720,Male,Yes,3+,Graduate,No,4281.0,0.0,100.0,360.0,1.0,Urban,Y
293,LP001734,Female,Yes,2,Graduate,No,4283.0,2383.0,127.0,360.0,1.0,Semiurban,Y
294,LP002912,Male,Yes,1,Graduate,No,4283.0,3000.0,172.0,84.0,1.0,Rural,N
295,LP001345,Male,Yes,2,Not Graduate,No,4288.0,3263.0,133.0,180.0,1.0,Urban,Y
296,LP001241,Female,No,0,Graduate,No,4300.0,0.0,136.0,360.0,0.0,Semiurban,N
297,LP001439,Male,Yes,0,Not Graduate,No,4300.0,2014.0,194.0,360.0,1.0,Rural,Y
298,LP002459,Male,Yes,0,Graduate,No,4301.0,0.0,118.0,360.0,1.0,Urban,Y
299,LP002223,Male,Yes,0,Graduate,No,4310.0,0.0,130.0,360.0,1.0,Semiurban,Y
300,LP001882,Male,Yes,3+,Graduate,No,4333.0,1811.0,160.0,360.0,0.0,Urban,Y
301,LP002086,Female,Yes,0,Graduate,No,4333.0,2451.0,110.0,360.0,1.0,Urban,N
302,LP002505,Male,Yes,0,Graduate,No,4333.0,2451.0,110.0,360.0,1.0,Urban,N
303,LP002053,Male,Yes,3+,Graduate,No,4342.0,189.0,124.0,360.0,1.0,Semiurban,Y
304,LP001603,Male,Yes,0,Not Graduate,Yes,4344.0,736.0,87.0,360.0,1.0,Semiurban,N
305,LP002534,Female,No,0,Not Graduate,No,4350.0,0.0,154.0,360.0,1.0,Rural,Y
306,LP002472,Male,No,2,Graduate,No,4354.0,0.0,136.0,360.0,1.0,Rural,Y
307,LP002097,Male,No,1,Graduate,No,4384.0,1793.0,117.0,360.0,1.0,Urban,Y
308,LP001938,Male,Yes,2,Graduate,No,4400.0,0.0,127.0,360.0,0.0,Semiurban,N
309,LP001692,Female,No,0,Not Graduate,No,4408.0,0.0,120.0,360.0,1.0,Semiurban,Y
310,LP001949,Male,Yes,3+,Graduate,No,4416.0,1250.0,110.0,360.0,1.0,Urban,Y
311,LP002833,Male,Yes,0,Not Graduate,No,4467.0,0.0,120.0,360.0,1.0,Rural,Y
312,LP002305,Female,No,0,Graduate,No,4547.0,0.0,115.0,360.0,1.0,Semiurban,Y
313,LP002119,Male,Yes,1,Not Graduate,No,4554.0,1229.0,158.0,360.0,1.0,Urban,Y
314,LP002236,Male,Yes,2,Graduate,No,4566.0,0.0,100.0,360.0,1.0,Urban,N
315,LP001003,Male,Yes,1,Graduate,No,4583.0,1508.0,128.0,360.0,1.0,Rural,N
316,LP001489,Female,Yes,0,Graduate,No,4583.0,0.0,84.0,360.0,1.0,Rural,N
317,LP001577,Female,Yes,0,Graduate,No,4583.0,0.0,112.0,360.0,1.0,Rural,N
318,LP002555,Male,Yes,2,Graduate,Yes,4583.0,2083.0,160.0,360.0,1.0,Semiurban,Y
319,LP002990,Female,No,0,Graduate,Yes,4583.0,0.0,133.0,360.0,0.0,Semiurban,N
320,LP001636,Male,Yes,0,Graduate,No,4600.0,0.0,73.0,180.0,1.0,Semiurban,Y
321,LP002367,Female,No,1,Not Graduate,No,4606.0,0.0,81.0,360.0,1.0,Rural,N
322,LP002741,Female,Yes,1,Graduate,No,4608.0,2845.0,140.0,180.0,1.0,Semiurban,Y
323,LP001179,Male,Yes,2,Graduate,No,4616.0,0.0,134.0,360.0,1.0,Urban,N
324,LP002588,Male,Yes,0,Graduate,No,4625.0,2857.0,111.0,12.0,1.0,Urban,Y
325,LP001356,Male,Yes,0,Graduate,No,4652.0,3583.0,128.0,360.0,1.0,Semiurban,Y
326,LP002434,Male,Yes,2,Not Graduate,No,4652.0,0.0,110.0,360.0,1.0,Rural,Y
327,LP001954,Female,Yes,1,Graduate,No,4666.0,0.0,135.0,360.0,1.0,Urban,Y
328,LP002697,Male,No,0,Graduate,No,4680.0,2087.0,128.0,360.0,1.0,Semiurban,N
329,LP002683,Male,No,0,Graduate,No,4683.0,1915.0,185.0,360.0,1.0,Semiurban,N
330,LP002519,Male,Yes,3+,Graduate,No,4691.0,0.0,100.0,360.0,1.0,Semiurban,Y
331,LP001097,Male,No,1,Graduate,Yes,4692.0,0.0,106.0,360.0,1.0,Rural,N
332,LP001136,Male,Yes,0,Not Graduate,Yes,4695.0,0.0,96.0,360.0,1.0,Urban,Y
333,LP002418,Male,No,3+,Not Graduate,No,4707.0,1993.0,148.0,360.0,1.0,Semiurban,Y
334,LP001877,Male,Yes,2,Graduate,No,4708.0,1387.0,150.0,360.0,1.0,Semiurban,Y
335,LP002161,Female,No,1,Graduate,No,4723.0,0.0,81.0,360.0,1.0,Semiurban,N
336,LP001754,Male,Yes,0,Not Graduate,Yes,4735.0,0.0,138.0,360.0,1.0,Urban,N
337,LP002175,Male,Yes,0,Graduate,No,4750.0,2333.0,130.0,360.0,1.0,Urban,Y
338,LP002925,Male,No,0,Graduate,No,4750.0,0.0,94.0,360.0,1.0,Semiurban,Y
339,LP001250,Male,Yes,3+,Not Graduate,No,4755.0,0.0,95.0,360.0,0.0,Semiurban,N
340,LP001760,Male,Yes,0,Graduate,No,4758.0,0.0,158.0,480.0,1.0,Semiurban,Y
341,LP002211,Male,Yes,0,Graduate,No,4817.0,923.0,120.0,180.0,1.0,Urban,Y
342,LP001349,Male,No,0,Graduate,No,4843.0,3806.0,151.0,360.0,1.0,Semiurban,Y
343,LP001520,Male,Yes,0,Graduate,No,4860.0,830.0,125.0,360.0,1.0,Semiurban,Y
344,LP001038,Male,Yes,0,Not Graduate,No,4887.0,0.0,133.0,360.0,1.0,Rural,N
345,LP001487,Male,No,0,Graduate,No,4895.0,0.0,102.0,360.0,1.0,Semiurban,Y
346,LP002068,Male,No,0,Graduate,No,4917.0,0.0,130.0,360.0,0.0,Rural,Y
347,LP001677,Male,No,2,Graduate,No,4923.0,0.0,166.0,360.0,0.0,Semiurban,Y
348,LP001864,Male,Yes,3+,Not Graduate,No,4931.0,0.0,128.0,360.0,1.0,Semiurban,N
349,LP001213,Male,Yes,1,Graduate,No,4945.0,0.0,128.0,360.0,0.0,Rural,N
350,LP001032,Male,No,0,Graduate,No,4950.0,0.0,125.0,360.0,1.0,Urban,Y
351,LP001732,Male,Yes,2,Graduate,No,5000.0,0.0,72.0,360.0,0.0,Semiurban,N
352,LP001955,Female,No,0,Graduate,No,5000.0,2541.0,151.0,480.0,1.0,Rural,N
353,LP001974,Female,No,0,Graduate,No,5000.0,0.0,132.0,360.0,1.0,Rural,Y
354,LP002170,Male,Yes,2,Graduate,No,5000.0,3667.0,236.0,360.0,1.0,Semiurban,Y
355,LP002776,Female,No,0,Graduate,No,5000.0,0.0,103.0,360.0,0.0,Semiurban,N
356,LP001497,Male,Yes,2,Graduate,No,5042.0,2083.0,185.0,360.0,1.0,Rural,N
357,LP001398,Male,No,0,Graduate,No,5050.0,0.0,118.0,360.0,1.0,Semiurban,Y
358,LP002847,Male,Yes,0,Graduate,No,5116.0,1451.0,165.0,360.0,0.0,Urban,N
359,LP002188,Male,No,0,Graduate,No,5124.0,0.0,124.0,360.0,0.0,Rural,N
360,LP001872,Male,No,0,Graduate,Yes,5166.0,0.0,128.0,360.0,1.0,Semiurban,Y
361,LP002160,Male,Yes,3+,Graduate,No,5167.0,3167.0,200.0,360.0,1.0,Semiurban,Y
362,LP002197,Male,Yes,2,Graduate,No,5185.0,0.0,155.0,360.0,1.0,Semiurban,Y
363,LP002489,Female,No,1,Not Graduate,No,5191.0,0.0,132.0,360.0,1.0,Semiurban,Y
364,LP001854,Male,Yes,3+,Graduate,No,5250.0,0.0,94.0,360.0,1.0,Urban,N
365,LP002110,Male,Yes,1,Graduate,No,5250.0,688.0,160.0,360.0,1.0,Rural,Y
366,LP001253,Male,Yes,3+,Graduate,Yes,5266.0,1774.0,187.0,360.0,1.0,Semiurban,Y
367,LP002706,Male,Yes,1,Not Graduate,No,5285.0,1430.0,161.0,360.0,0.0,Semiurban,Y
368,LP001385,Male,No,0,Graduate,No,5316.0,0.0,136.0,360.0,1.0,Urban,Y
369,LP002562,Male,Yes,1,Not Graduate,No,5333.0,1131.0,186.0,360.0,1.0,Urban,Y
370,LP002225,Male,Yes,2,Graduate,No,5391.0,0.0,130.0,360.0,1.0,Urban,Y
371,LP001011,Male,Yes,2,Graduate,Yes,5417.0,4196.0,267.0,360.0,1.0,Urban,Y
372,LP001498,Male,No,0,Graduate,No,5417.0,0.0,168.0,360.0,1.0,Urban,Y
373,LP001945,Female,No,0,Graduate,No,5417.0,0.0,143.0,480.0,0.0,Urban,N
374,LP002250,Male,Yes,0,Graduate,No,5488.0,0.0,125.0,360.0,1.0,Rural,Y
375,LP001784,Male,Yes,1,Graduate,No,5500.0,1260.0,170.0,360.0,1.0,Rural,Y
376,LP002142,Female,Yes,0,Graduate,Yes,5500.0,0.0,105.0,360.0,0.0,Rural,N
377,LP002106,Male,Yes,0,Graduate,Yes,5503.0,4490.0,70.0,360.0,1.0,Semiurban,Y
378,LP002524,Male,No,2,Graduate,No,5532.0,4648.0,162.0,360.0,1.0,Rural,Y
379,LP001421,Male,Yes,0,Graduate,No,5568.0,2142.0,175.0,360.0,1.0,Rural,N
380,LP001426,Male,Yes,0,Graduate,No,5667.0,2667.0,180.0,360.0,1.0,Rural,Y
381,LP002692,Male,Yes,3+,Graduate,Yes,5677.0,1424.0,100.0,360.0,1.0,Rural,Y
382,LP001310,Male,Yes,0,Graduate,No,5695.0,4167.0,175.0,360.0,1.0,Semiurban,Y
383,LP001715,Male,Yes,3+,Not Graduate,Yes,5703.0,0.0,130.0,360.0,1.0,Rural,Y
384,LP002953,Male,Yes,3+,Graduate,No,5703.0,0.0,128.0,360.0,1.0,Urban,Y
385,LP001225,Male,Yes,0,Graduate,No,5726.0,4595.0,258.0,360.0,1.0,Semiurban,N
386,LP001786,Male,Yes,0,Graduate,No,5746.0,0.0,255.0,360.0,1.0,Urban,N
387,LP002008,Male,Yes,2,Graduate,Yes,5746.0,0.0,144.0,84.0,1.0,Rural,Y
388,LP002948,Male,Yes,2,Graduate,No,5780.0,0.0,192.0,360.0,1.0,Urban,Y
389,LP002821,Male,No,0,Not Graduate,Yes,5800.0,0.0,132.0,360.0,1.0,Semiurban,Y
390,LP002082,Male,Yes,0,Graduate,Yes,5818.0,2160.0,184.0,360.0,1.0,Semiurban,Y
391,LP001144,Male,Yes,0,Graduate,No,5821.0,0.0,144.0,360.0,1.0,Urban,Y
392,LP002348,Male,Yes,0,Graduate,No,5829.0,0.0,138.0,360.0,1.0,Rural,Y
393,LP001002,Male,No,0,Graduate,No,5849.0,0.0,128.0,360.0,1.0,Urban,Y
394,LP002820,Male,Yes,0,Graduate,No,5923.0,2054.0,211.0,360.0,1.0,Rural,Y
395,LP002368,Male,Yes,2,Graduate,No,5935.0,0.0,133.0,360.0,1.0,Semiurban,Y
396,LP001008,Male,No,0,Graduate,No,6000.0,0.0,141.0,360.0,1.0,Urban,Y
397,LP001273,Male,Yes,0,Graduate,No,6000.0,2250.0,265.0,360.0,1.0,Semiurban,N
398,LP001541,Male,Yes,1,Graduate,No,6000.0,0.0,160.0,360.0,1.0,Rural,Y
399,LP002231,Female,No,0,Graduate,No,6000.0,0.0,156.0,360.0,1.0,Urban,Y
400,LP002494,Male,No,0,Graduate,No,6000.0,0.0,140.0,360.0,1.0,Rural,Y
401,LP002931,Male,Yes,2,Graduate,Yes,6000.0,0.0,205.0,240.0,1.0,Semiurban,N
402,LP001657,Male,Yes,0,Not Graduate,No,6033.0,0.0,160.0,360.0,1.0,Urban,N
403,LP001849,Male,No,0,Not Graduate,No,6045.0,0.0,115.0,360.0,0.0,Rural,N
404,LP001813,Male,No,0,Graduate,Yes,6050.0,4333.0,120.0,180.0,1.0,Urban,N
405,LP002640,Male,Yes,1,Graduate,No,6065.0,2004.0,250.0,360.0,1.0,Semiurban,Y
406,LP001465,Male,Yes,0,Graduate,No,6080.0,2569.0,182.0,360.0,1.0,Rural,N
407,LP002328,Male,Yes,0,Not Graduate,No,6096.0,0.0,218.0,360.0,0.0,Rural,N
408,LP002862,Male,Yes,2,Not Graduate,No,6125.0,1625.0,187.0,480.0,1.0,Semiurban,N
409,LP002181,Male,No,0,Not Graduate,No,6216.0,0.0,133.0,360.0,1.0,Rural,N
410,LP001750,Male,Yes,0,Graduate,No,6250.0,0.0,128.0,360.0,1.0,Semiurban,Y
411,LP001758,Male,Yes,2,Graduate,No,6250.0,1695.0,210.0,360.0,1.0,Semiurban,Y
412,LP001807,Male,Yes,2,Graduate,Yes,6250.0,1300.0,108.0,360.0,1.0,Rural,Y
413,LP002319,Male,Yes,0,Graduate,No,6256.0,0.0,160.0,360.0,1.0,Urban,Y
414,LP001528,Male,No,0,Graduate,No,6277.0,0.0,118.0,360.0,0.0,Rural,N
415,LP002602,Male,No,0,Graduate,No,6283.0,4416.0,209.0,360.0,0.0,Rural,N
416,LP002190,Male,Yes,1,Graduate,No,6325.0,0.0,175.0,360.0,1.0,Semiurban,Y
417,LP002137,Male,Yes,0,Graduate,No,6333.0,4583.0,259.0,360.0,1.0,Semiurban,Y
418,LP002941,Male,Yes,2,Not Graduate,Yes,6383.0,1000.0,187.0,360.0,1.0,Rural,N
419,LP001761,Male,No,0,Graduate,Yes,6400.0,0.0,200.0,360.0,1.0,Rural,Y
420,LP002863,Male,Yes,3+,Graduate,No,6406.0,0.0,150.0,360.0,1.0,Semiurban,N
421,LP002740,Male,Yes,3+,Graduate,No,6417.0,0.0,157.0,180.0,1.0,Rural,Y
422,LP002379,Male,No,0,Graduate,No,6500.0,0.0,105.0,360.0,0.0,Rural,N
423,LP002892,Male,Yes,2,Graduate,No,6540.0,0.0,205.0,360.0,1.0,Semiurban,Y
424,LP001819,Male,Yes,1,Not Graduate,No,6608.0,0.0,137.0,180.0,1.0,Urban,Y
425,LP002778,Male,Yes,2,Graduate,Yes,6633.0,0.0,128.0,360.0,0.0,Rural,N
426,LP002529,Male,Yes,2,Graduate,No,6700.0,1750.0,230.0,300.0,1.0,Semiurban,Y
427,LP001326,Male,No,0,Graduate,No,6782.0,0.0,128.0,360.0,1.0,Urban,N
428,LP002716,Male,No,0,Not Graduate,No,6783.0,0.0,130.0,360.0,1.0,Semiurban,Y
429,LP002180,Male,No,0,Graduate,Yes,6822.0,0.0,141.0,360.0,1.0,Rural,Y
430,LP001953,Male,Yes,1,Graduate,No,6875.0,0.0,200.0,360.0,1.0,Semiurban,Y
431,LP001504,Male,No,0,Graduate,Yes,6950.0,0.0,175.0,180.0,1.0,Semiurban,Y
432,LP002453,Male,No,0,Graduate,Yes,7085.0,0.0,84.0,360.0,1.0,Semiurban,Y
433,LP001238,Male,Yes,3+,Not Graduate,Yes,7100.0,0.0,125.0,60.0,1.0,Urban,Y
434,LP002407,Female,Yes,0,Not Graduate,Yes,7142.0,0.0,138.0,360.0,1.0,Rural,Y
435,LP002234,Male,No,0,Graduate,Yes,7167.0,0.0,128.0,360.0,1.0,Urban,Y
436,LP001871,Female,No,0,Graduate,No,7200.0,0.0,120.0,360.0,1.0,Rural,Y
437,LP002362,Male,Yes,1,Graduate,No,7250.0,1667.0,110.0,360.0,0.0,Urban,N
438,LP001370,Male,No,0,Not Graduate,No,7333.0,0.0,120.0,360.0,1.0,Rural,N
439,LP002301,Female,No,0,Graduate,Yes,7441.0,0.0,194.0,360.0,1.0,Rural,N
440,LP001392,Female,No,1,Graduate,Yes,7451.0,0.0,128.0,360.0,1.0,Semiurban,Y
441,LP001749,Male,Yes,0,Graduate,No,7578.0,1010.0,175.0,360.0,1.0,Semiurban,Y
442,LP002984,Male,Yes,2,Graduate,No,7583.0,0.0,187.0,360.0,1.0,Urban,Y
443,LP001043,Male,Yes,0,Not Graduate,No,7660.0,0.0,104.0,360.0,0.0,Urban,N
444,LP001998,Male,Yes,2,Not Graduate,No,7667.0,0.0,185.0,360.0,1.0,Rural,Y
445,LP002484,Male,Yes,3+,Graduate,No,7740.0,0.0,128.0,180.0,1.0,Urban,Y
446,LP001713,Male,Yes,1,Graduate,Yes,7787.0,0.0,240.0,360.0,1.0,Urban,Y
447,LP002409,Male,Yes,0,Graduate,No,7901.0,1833.0,180.0,360.0,1.0,Rural,Y
448,LP001562,Male,Yes,0,Graduate,No,7933.0,0.0,275.0,360.0,1.0,Urban,N
449,LP001580,Male,Yes,2,Graduate,No,8000.0,0.0,200.0,360.0,1.0,Semiurban,Y
450,LP002983,Male,Yes,1,Graduate,No,8072.0,240.0,253.0,360.0,1.0,Urban,Y
451,LP001198,Male,Yes,1,Graduate,No,8080.0,2250.0,180.0,360.0,1.0,Urban,Y
452,LP002315,Male,Yes,1,Graduate,No,8300.0,0.0,152.0,300.0,0.0,Semiurban,N
453,LP001666,Male,No,0,Graduate,No,8333.0,3750.0,187.0,360.0,1.0,Rural,Y
454,LP001776,Female,No,0,Graduate,No,8333.0,0.0,280.0,360.0,1.0,Semiurban,Y
455,LP002149,Male,Yes,2,Graduate,No,8333.0,3167.0,165.0,360.0,1.0,Rural,Y
456,LP002543,Male,Yes,2,Graduate,No,8333.0,0.0,246.0,360.0,1.0,Semiurban,Y
457,LP002473,Male,Yes,0,Graduate,No,8334.0,0.0,160.0,360.0,1.0,Semiurban,N
458,LP001289,Male,No,0,Graduate,No,8566.0,0.0,210.0,360.0,1.0,Urban,Y
459,LP002377,Female,No,1,Graduate,Yes,8624.0,0.0,150.0,360.0,1.0,Semiurban,Y
460,LP002219,Male,Yes,3+,Graduate,No,8750.0,4996.0,130.0,360.0,1.0,Rural,Y
461,LP002832,Male,Yes,2,Graduate,No,8799.0,0.0,258.0,360.0,0.0,Urban,N
462,LP002139,Male,Yes,0,Graduate,No,9083.0,0.0,228.0,360.0,1.0,Semiurban,Y
463,LP001531,Male,No,0,Graduate,No,9166.0,0.0,244.0,360.0,1.0,Urban,N
464,LP002255,Male,No,3+,Graduate,No,9167.0,0.0,185.0,360.0,1.0,Rural,Y
465,LP001572,Male,Yes,0,Graduate,No,9323.0,0.0,75.0,180.0,1.0,Urban,Y
466,LP001647,Male,Yes,0,Graduate,No,9328.0,0.0,188.0,180.0,1.0,Rural,Y
467,LP002933,Male,No,3+,Graduate,Yes,9357.0,0.0,292.0,360.0,1.0,Semiurban,Y
468,LP002262,Male,Yes,3+,Graduate,No,9504.0,0.0,275.0,360.0,1.0,Rural,Y
469,LP001935,Male,No,0,Graduate,No,9508.0,0.0,187.0,360.0,1.0,Rural,Y
470,LP001543,Male,Yes,1,Graduate,No,9538.0,0.0,187.0,360.0,1.0,Urban,Y
471,LP001066,Male,Yes,0,Graduate,Yes,9560.0,0.0,191.0,360.0,1.0,Semiurban,Y
472,LP001814,Male,Yes,2,Graduate,No,9703.0,0.0,112.0,360.0,1.0,Urban,Y
473,LP002103,Male,Yes,1,Graduate,Yes,9833.0,1833.0,182.0,180.0,1.0,Urban,Y
474,LP002945,Male,Yes,0,Graduate,Yes,9963.0,0.0,180.0,360.0,1.0,Rural,Y
475,LP001519,Female,No,0,Graduate,No,10000.0,1666.0,225.0,360.0,1.0,Rural,N
476,LP001708,Female,No,0,Graduate,No,10000.0,0.0,214.0,360.0,1.0,Semiurban,N
477,LP002050,Male,Yes,1,Graduate,Yes,10000.0,0.0,155.0,360.0,1.0,Rural,N
478,LP002393,Female,Yes,0,Graduate,No,10047.0,0.0,128.0,240.0,1.0,Semiurban,Y
479,LP002795,Male,Yes,3+,Graduate,Yes,10139.0,0.0,260.0,360.0,1.0,Semiurban,Y
480,LP001422,Female,No,0,Graduate,No,10408.0,0.0,259.0,360.0,1.0,Urban,Y
481,LP002403,Male,No,0,Graduate,Yes,10416.0,0.0,187.0,360.0,0.0,Urban,N
482,LP001451,Male,Yes,1,Graduate,Yes,10513.0,3850.0,160.0,180.0,0.0,Urban,N
483,LP002541,Male,Yes,0,Graduate,No,10833.0,0.0,234.0,360.0,1.0,Semiurban,Y
484,LP001673,Male,No,0,Graduate,Yes,11000.0,0.0,83.0,360.0,1.0,Urban,N
485,LP001891,Male,Yes,0,Graduate,No,11146.0,0.0,136.0,360.0,1.0,Urban,Y
486,LP002729,Male,No,1,Graduate,No,11250.0,0.0,196.0,360.0,1.0,Semiurban,N
487,LP001369,Male,Yes,2,Graduate,No,11417.0,1126.0,225.0,360.0,1.0,Urban,Y
488,LP001186,Female,Yes,1,Graduate,Yes,11500.0,0.0,286.0,360.0,0.0,Urban,N
489,LP001508,Male,Yes,2,Graduate,No,11757.0,0.0,187.0,180.0,1.0,Urban,Y
490,LP001656,Male,No,0,Graduate,No,12000.0,0.0,164.0,360.0,1.0,Semiurban,N
491,LP001350,Male,Yes,0,Graduate,No,13650.0,0.0,128.0,360.0,1.0,Urban,Y
492,LP001401,Male,Yes,1,Graduate,No,14583.0,0.0,185.0,180.0,1.0,Rural,Y
